<?xml version="1.0" encoding="UTF-8"?>
<project-private xmlns="http://www.netbeans.org/ns/project-private/1">
    <editor-bookmarks xmlns="http://www.netbeans.org/ns/editor-bookmarks/2" lastBookmarkId="0"/>
    <open-files xmlns="http://www.netbeans.org/ns/projectui-open-files/2">
        <group>
            <file>file:/D:/Java/Perizinan_Pertambangan/src/GUI/framePerusahaan.java</file>
            <file>file:/D:/Java/Perizinan_Pertambangan/src/GUI/frameIzinIndustri.java</file>
            <file>file:/D:/Java/Perizinan_Pertambangan/src/configDB/crudTable.java</file>
            <file>file:/D:/Java/Perizinan_Pertambangan/src/GUI/frameBahanTambang.java</file>
            <file>file:/D:/Java/Perizinan_Pertambangan/src/GUI/frameBahanPerusahaan.java</file>
        </group>
    </open-files>
</project-private>
